<?xml version="1.0" encoding="UTF-8"?>
<rss version="2.0" xmlns:atom="http://www.w3.org/2005/Atom">
<channel>
    <title>Opulent Shipyard Monaco - Maritime News</title>
    <link>http://localhost:3000/rsscontent/</link>
    <description>Latest maritime news and yacht industry articles from Opulent Shipyard Monaco</description>
    <language>en-us</language>
    <lastBuildDate>Thu, 26 Jun 2025 00:39:17 GMT</lastBuildDate>
    <generator>Opulent Shipyard Monaco RSS Generator</generator>
    <atom:link href="http://localhost:3000/rsscontent/rss.xml" rel="self" type="application/rss+xml" />

    <item>
        <title>International Day of the Seafarer #MyHarassmentFreeShip | Maritime News</title>
        <link>http://localhost:3000/rsscontent/rss-post-international-day-of-the-seafarer-myharassmentfreeship-20250626-1039.html</link>
        <description>Latest yacht industry articles and maritime insights from International Day of the Seafarer #MyHarassmentFreeShip.</description>
        <pubDate>Thu, 26 Jun 2025 00:39:17 GMT</pubDate>
        <guid isPermaLink="true">http://localhost:3000/rsscontent/rss-post-international-day-of-the-seafarer-myharassmentfreeship-20250626-1039.html</guid>
    </item>
    <item>
        <title>Top Sandbars in Florida to Anchor and Relax This Summer | Maritime News</title>
        <link>http://localhost:3000/rsscontent/rss-post-20250624-1318.html</link>
        <description>Latest yacht industry articles and maritime insights from Top Sandbars in Florida to Anchor and Relax This Summer.</description>
        <pubDate>Tue, 24 Jun 2025 03:18:00 GMT</pubDate>
        <guid isPermaLink="true">http://localhost:3000/rsscontent/rss-post-20250624-1318.html</guid>
    </item>
    <item>
        <title>Top Sandbars in Florida to Anchor and Relax This Summer | Maritime News</title>
        <link>http://localhost:3000/rsscontent/rss-post-20250623-2310.html</link>
        <description>Latest yacht industry articles and maritime insights from Top Sandbars in Florida to Anchor and Relax This Summer.</description>
        <pubDate>Mon, 23 Jun 2025 13:10:00 GMT</pubDate>
        <guid isPermaLink="true">http://localhost:3000/rsscontent/rss-post-20250623-2310.html</guid>
    </item>
    <item>
        <title>Top Sandbars in Florida to Anchor and Relax This Summer | Maritime News</title>
        <link>http://localhost:3000/rsscontent/rss-post-20250623-2255.html</link>
        <description>Latest yacht industry articles and maritime insights from Top Sandbars in Florida to Anchor and Relax This Summer.</description>
        <pubDate>Mon, 23 Jun 2025 12:55:00 GMT</pubDate>
        <guid isPermaLink="true">http://localhost:3000/rsscontent/rss-post-20250623-2255.html</guid>
    </item>
    <item>
        <title>Top Sandbars in Florida to Anchor and Relax This Summer | Maritime News</title>
        <link>http://localhost:3000/rsscontent/rss-post-20250623-2254.html</link>
        <description>Latest yacht industry articles and maritime insights from Top Sandbars in Florida to Anchor and Relax This Summer.</description>
        <pubDate>Mon, 23 Jun 2025 12:54:00 GMT</pubDate>
        <guid isPermaLink="true">http://localhost:3000/rsscontent/rss-post-20250623-2254.html</guid>
    </item>
    <item>
        <title>Top Sandbars in Florida to Anchor and Relax This Summer | Maritime News</title>
        <link>http://localhost:3000/rsscontent/rss-post-20250623-2247.html</link>
        <description>Latest yacht industry articles and maritime insights from Top Sandbars in Florida to Anchor and Relax This Summer.</description>
        <pubDate>Mon, 23 Jun 2025 12:47:00 GMT</pubDate>
        <guid isPermaLink="true">http://localhost:3000/rsscontent/rss-post-20250623-2247.html</guid>
    </item>
    <item>
        <title>Top Sandbars in Florida to Anchor and Relax This Summer | Maritime News</title>
        <link>http://localhost:3000/rsscontent/rss-post-20250623-2238.html</link>
        <description>Latest yacht industry articles and maritime insights from Top Sandbars in Florida to Anchor and Relax This Summer.</description>
        <pubDate>Mon, 23 Jun 2025 12:38:00 GMT</pubDate>
        <guid isPermaLink="true">http://localhost:3000/rsscontent/rss-post-20250623-2238.html</guid>
    </item>
    <item>
        <title>Top Sandbars in Florida to Anchor and Relax This Summer | Maritime News</title>
        <link>http://localhost:3000/rsscontent/rss-post-20250623-2235.html</link>
        <description>Latest yacht industry articles and maritime insights from Top Sandbars in Florida to Anchor and Relax This Summer.</description>
        <pubDate>Mon, 23 Jun 2025 12:35:00 GMT</pubDate>
        <guid isPermaLink="true">http://localhost:3000/rsscontent/rss-post-20250623-2235.html</guid>
    </item>
    <item>
        <title>COLUMBUS CROSSOVER 42 M/Y BIG NAAN &amp;#8211; LAUNCHING CEREMONY | Maritime News</title>
        <link>http://localhost:3000/rsscontent/rss-post-columbus-crossover-42-my-big-naan-8211-launching-ceremony-20250625-1415.html</link>
        <description>Latest yacht industry articles and maritime insights from COLUMBUS CROSSOVER 42 M/Y BIG NAAN &amp;#8211; LAUNCHING CEREMONY.</description>
        <pubDate>Thu, 01 Jan 1970 00:00:00 GMT</pubDate>
        <guid isPermaLink="true">http://localhost:3000/rsscontent/rss-post-columbus-crossover-42-my-big-naan-8211-launching-ceremony-20250625-1415.html</guid>
    </item>
    <item>
        <title>FYI Yachts Welcomes Adelina Lesenciuc as Our New Luxury Yacht Sales and Charter Consultant | Maritime News</title>
        <link>http://localhost:3000/rsscontent/rss-post-fyi-yachts-welcomes-adelina-lesenciuc-as-our-new-luxury-yacht-sales-and-charter--20250625-1245.html</link>
        <description>Latest yacht industry articles and maritime insights from FYI Yachts Welcomes Adelina Lesenciuc as Our New Luxury Yacht Sales and Charter Consultant.</description>
        <pubDate>Thu, 01 Jan 1970 00:00:00 GMT</pubDate>
        <guid isPermaLink="true">http://localhost:3000/rsscontent/rss-post-fyi-yachts-welcomes-adelina-lesenciuc-as-our-new-luxury-yacht-sales-and-charter--20250625-1245.html</guid>
    </item>
    <item>
        <title>Global Maritime Organizations Unite to Accelerate Electrification | Maritime News</title>
        <link>http://localhost:3000/rsscontent/rss-post-global-maritime-organizations-unite-to-accelerate-electrification-20250625-1348.html</link>
        <description>Latest yacht industry articles and maritime insights from Global Maritime Organizations Unite to Accelerate Electrification.</description>
        <pubDate>Thu, 01 Jan 1970 00:00:00 GMT</pubDate>
        <guid isPermaLink="true">http://localhost:3000/rsscontent/rss-post-global-maritime-organizations-unite-to-accelerate-electrification-20250625-1348.html</guid>
    </item>
    <item>
        <title>International Day of the Seafarer #MyHarassmentFreeShip | Maritime News</title>
        <link>http://localhost:3000/rsscontent/rss-post-international-day-of-the-seafarer-myharassmentfreeship-20250626-1039.html</link>
        <description>Latest yacht industry articles and maritime insights from International Day of the Seafarer #MyHarassmentFreeShip.</description>
        <pubDate>Thu, 01 Jan 1970 00:00:00 GMT</pubDate>
        <guid isPermaLink="true">http://localhost:3000/rsscontent/rss-post-international-day-of-the-seafarer-myharassmentfreeship-20250626-1039.html</guid>
    </item>
    <item>
        <title>Top Sandbars in Florida to Anchor and Relax This Summer | Maritime News</title>
        <link>http://localhost:3000/rsscontent/rss-post-top-sandbars-in-florida-to-anchor-and-relax-this-summer-20250624-1953.html</link>
        <description>Latest yacht industry articles and maritime insights from Top Sandbars in Florida to Anchor and Relax This Summer.</description>
        <pubDate>Thu, 01 Jan 1970 00:00:00 GMT</pubDate>
        <guid isPermaLink="true">http://localhost:3000/rsscontent/rss-post-top-sandbars-in-florida-to-anchor-and-relax-this-summer-20250624-1953.html</guid>
    </item>
    <item>
        <title>Top Sandbars in Florida to Anchor and Relax This Summer | Maritime News</title>
        <link>http://localhost:3000/rsscontent/rss-post-top-sandbars-in-florida-to-anchor-and-relax-this-summer.html</link>
        <description>Latest yacht industry articles and maritime insights from Top Sandbars in Florida to Anchor and Relax This Summer.</description>
        <pubDate>Thu, 01 Jan 1970 00:00:00 GMT</pubDate>
        <guid isPermaLink="true">http://localhost:3000/rsscontent/rss-post-top-sandbars-in-florida-to-anchor-and-relax-this-summer.html</guid>
    </item>
    <item>
        <title>Why Brunch Cruises in Fort Lauderdale on a Yacht Are So Different | Maritime News</title>
        <link>http://localhost:3000/rsscontent/rss-post-why-brunch-cruises-in-fort-lauderdale-on-a-yacht-are-so-different-20250625-1256.html</link>
        <description>Latest yacht industry articles and maritime insights from Why Brunch Cruises in Fort Lauderdale on a Yacht Are So Different.</description>
        <pubDate>Thu, 01 Jan 1970 00:00:00 GMT</pubDate>
        <guid isPermaLink="true">http://localhost:3000/rsscontent/rss-post-why-brunch-cruises-in-fort-lauderdale-on-a-yacht-are-so-different-20250625-1256.html</guid>
    </item>
    <item>
        <title>Why Your Junior Superyacht Crew Are Quitting—And What You Can Do About It | Maritime News</title>
        <link>http://localhost:3000/rsscontent/rss-post-why-your-junior-superyacht-crew-are-quittingand-what-you-can-do-about-it-20250625-1350.html</link>
        <description>Latest yacht industry articles and maritime insights from Why Your Junior Superyacht Crew Are Quitting—And What You Can Do About It.</description>
        <pubDate>Thu, 01 Jan 1970 00:00:00 GMT</pubDate>
        <guid isPermaLink="true">http://localhost:3000/rsscontent/rss-post-why-your-junior-superyacht-crew-are-quittingand-what-you-can-do-about-it-20250625-1350.html</guid>
    </item>
</channel>
</rss>